PDB,WT,POS,MT,DDG,CVFOLD
P00720,I,3,A,-0.79,3
P00720,I,3,C,0.07,3
P00720,I,3,D,-2.87,3
P00720,I,3,E,-1.72,3
P00720,I,3,F,-1.02,3
P00720,I,3,G,-2.03,3
P00720,I,3,L,0.77,3
P00720,I,3,M,-0.76,3
P00720,I,3,S,-1.75,3
P00720,I,3,T,-2.15,3
P00720,I,3,V,-0.45,3
P00720,I,3,W,-2.8,3
P00720,I,3,Y,-2.39,3
P00720,M,6,I,-3.1,3
P00720,E,11,A,1.1,3
P00720,E,11,F,1.7,3
P00720,E,11,M,1.6,3
P00720,K,16,E,0.15,3
P00720,Y,25,G,-4.55,3
P00720,G,30,A,0.1,3
P00720,G,30,F,-1.5,3
P00720,S,38,A,-0.77,3
P00720,S,38,D,-0.01,3
P00720,A,41,V,0.37,3
P00720,S,44,A,0.44,3
P00720,G,51,D,-2.63,3
P00720,C,54,T,0.87,3
P00720,C,54,V,-0.7,3
P00720,N,55,G,-0.58,3
P00720,I,58,Y,-3.11,3
P00720,K,60,H,-0.26,3
P00720,N,68,A,0.05,3
P00720,G,77,A,-0.2,3
P00720,K,83,H,-0.42,3
P00720,S,90,H,-1.09,3
P00720,R,96,H,-2.91,3
P00720,A,98,T,-3.83,3
P00720,A,98,V,-4.98,3
P00720,M,102,V,-3,3
P00720,V,103,A,-1.91,3
P00720,Q,105,A,-0.68,3
P00720,Q,105,E,-0.94,3
P00720,Q,105,G,-2.3,3
P00720,G,113,A,0.39,3
P00720,T,115,E,0.03,3
P00720,N,116,D,0.47,3
P00720,S,117,F,1.1,3
P00720,S,117,I,1.7,3
P00720,S,117,V,2,3
P00720,R,119,E,-0.06,3
P00720,R,119,M,0,3
P00720,Q,123,E,0.27,3
P00720,K,124,G,-0.08,3
P00720,E,128,A,0.16,3
P00720,E,128,K,-1.16,3
P00720,A,129,V,-0.74,3
P00720,V,131,A,0.3,3
P00720,V,131,D,0.08,3
P00720,V,131,E,0.2,3
P00720,V,131,G,-0.68,3
P00720,V,131,I,0.16,3
P00720,V,131,L,0.09,3
P00720,V,131,M,0.12,3
P00720,V,131,S,-0.05,3
P00720,V,131,T,-0.09,3
P00720,N,132,F,1.3,3
P00720,N,132,I,1.2,3
P00720,N,132,M,1.5,3
P00720,L,133,A,-4.19,3
P00720,L,133,F,-0.26,3
P00720,K,135,E,-0.83,3
P00720,W,138,Y,-2.62,3
P00720,N,144,D,0.39,3
P00720,N,144,E,0.46,3
P00720,A,146,I,-4.31,3
P00720,A,146,T,-2.25,3
P00720,A,146,V,-4.31,3
P00720,K,147,E,-0.53,3
P00720,V,149,A,-2.87,3
P00720,V,149,C,-2.2,3
P00720,T,152,S,-2.6,3
P00720,F,153,C,-3.11,3
P00720,R,154,E,-0.65,3
P00720,G,156,D,-3.03,3
P00720,T,157,A,-0.9,3
P00720,T,157,C,-1.3,3
P00720,T,157,D,-2.12,3
P00720,T,157,E,-1.22,3
P00720,T,157,F,-3.73,3
P00720,T,157,G,-1.1,3
P00720,T,157,H,-2.1,3
P00720,T,157,I,-1.79,3
P00720,T,157,L,-1.63,3
P00720,T,157,N,-0.99,3
P00720,T,157,R,-0.54,3
P00720,T,157,S,-0.66,3
P00720,T,157,V,-1.49,3
P00720,A,160,T,-3.12,3
